gene_id,value
K00001,1.0
K00002,0.2
K00003,1.0
K00004,0.39999999999999997
K00005,-1.0
K00008,0.8
K00009,-0.8
K00010,0.8
K00012,0.0
K00013,0.0
K00014,0.0
K00015,0.19999999999999996
K00016,-1.0
K00019,1.0
K00020,0.0
K00023,1.0
K00024,0.0
K00027,0.0
K00029,-0.2
K00030,-0.8
K00031,1.0
K00033,0.0
K00034,0.0
K00035,1.0
K00036,0.8
K00038,-0.19999999999999996
K00039,1.0
K00040,1.0
K00042,1.0
K00043,1.0
K00045,1.0
K00046,1.0
K00052,1.0
K00053,1.0
K00055,1.0
K00057,0.0
K00058,0.0
K00059,0.0
K00060,0.0
K00064,1.0
K00065,1.0
K00067,0.0
K00073,0.2
K00074,1.0
K00075,0.0
K00077,0.0
K00087,0.2
K00088,0.0
K00090,-0.2
K00091,0.4
K00096,-0.2
K00097,1.0
K00098,1.0
K00099,0.0
K00101,1.0
K00102,1.0
K00104,0.4
K00108,0.8
K00111,0.0
K00112,-0.2
K00113,0.8
K00116,-1.0
K00117,1.0
K00118,0.2
K00121,1.0
K00123,1.0
K00124,-0.6
K00126,1.0
K00127,1.0
K00128,1.0
K00130,0.8
K00131,-0.8
K00132,-0.2
K00133,0.0
K00134,0.0
K00135,0.0
K00137,1.0
K00138,0.0
K00140,1.0
K00141,0.4
K00145,0.4
K00146,0.4
K00147,1.0
K00148,0.0
K00151,0.6
K00154,1.0
K00156,0.2
K00161,1.0
K00162,1.0
K00163,0.2
K00164,0.0
K00166,0.0
K00167,0.0
K00179,-0.2
K00208,0.0
K00215,0.0
K00217,1.0
K00219,0.2
K00220,1.0
K00227,0.2
K00228,1.0
K00231,-1.0
K00234,0.8
K00235,1.0
K00236,1.0
K00239,0.0
K00240,-1.0
K00241,-1.0
K00242,1.0
K00243,-1.0
K00244,-0.2
K00248,0.0
K00249,0.4
K00252,1.0
K00253,1.0
K00254,0.2
K00259,0.0
K00260,-0.19999999999999996
K00263,-1.0
K00264,-1.0
K00265,0.0
K00266,0.8
K00274,0.0
K00275,1.0
K00276,0.8
K00278,0.0
K00281,0.8
K00282,-1.0
K00283,-1.0
K00285,0.8
K00286,0.0
K00287,0.0
K00297,1.0
K00299,1.0
K00301,0.4
K00302,1.0
K00303,0.8
K00304,1.0
K00305,1.0
K00309,1.0
K00310,1.0
K00311,0.8
K00313,1.0
K00318,-1.0
K00320,0.19999999999999996
K00322,1.0
K00323,0.4
K00324,1.0
K00325,1.0
K00330,0.8
K00331,0.6
K00332,0.6
K00333,0.6
K00334,0.8
K00335,1.0
K00336,0.2
K00337,1.0
K00338,0.6
K00339,1.0
K00340,1.0
K00341,1.0
K00342,0.8
K00343,1.0
K00344,0.0
K00347,-0.2
K00348,-0.2
K00354,1.0
K00355,1.0
K00362,1.0
K00364,-1.0
K00372,0.4
K00374,-0.2
K00375,0.0
K00380,0.4
K00381,1.0
K00382,0.0
K00383,0.0
K00384,0.0
K00387,0.4
K00389,-0.6000000000000001
K00390,1.0
K00404,1.0
K00405,1.0
K00406,1.0
K00407,1.0
K00410,1.0
K00411,1.0
K00413,1.0
K00425,0.0
K00426,0.0
K00428,1.0
K00432,0.0
K00433,0.0
K00435,-1.0
K00446,1.0
K00448,1.0
K00449,1.0
K00450,-0.2
K00451,1.0
K00453,-1.0
K00457,1.0
K00459,1.0
K00477,1.0
K00479,1.0
K00481,1.0
K00491,-1.0
K00500,0.0
K00508,-0.2
K00520,-1.0
K00525,0.0
K00526,0.0
K00529,0.6
K00537,0.0
K00540,-0.2
K00545,1.0
K00547,1.0
K00548,0.8
K00554,0.0
K00556,-1.0
K00558,0.4
K00560,0.0
K00564,0.0
K00566,0.0
K00567,0.0
K00568,0.6
K00570,1.0
K00571,0.2
K00573,0.8
K00574,1.0
K00575,0.0
K00577,-0.2
K00587,1.0
K00588,0.0
K00595,1.0
K00598,1.0
K00600,0.0
K00602,0.0
K00604,0.0
K00605,0.0
K00606,0.0
K00609,0.0
K00611,0.0
K00615,0.19999999999999996
K00616,1.0
K00619,0.8
K00620,0.4
K00625,0.2
K00626,1.0
K00627,0.0
K00632,0.0
K00633,1.0
K00634,-1.0
K00639,0.0
K00640,0.0
K00641,0.6
K00643,1.0
K00645,0.0
K00647,0.2
K00648,0.0
K00651,0.8
K00652,0.6
K00655,0.0
K00656,-1.0
K00657,1.0
K00658,0.0
K00659,-0.2
K00661,0.0
K00662,-0.8
K00663,0.6
K00666,0.0
K00677,1.0
K00678,-0.2
K00681,0.8
K00684,1.0
K00688,0.0
K00689,-0.4
K00691,-1.0
K00694,1.0
K00697,1.0
K00700,1.0
K00703,0.0
K00705,1.0
K00721,1.0
K00748,1.0
K00750,1.0
K00752,-0.2
K00754,-1.0
K00756,-1.0
K00758,0.8
K00759,0.0
K00760,1.0
K00761,0.0
K00762,0.0
K00763,0.0
K00764,0.0
K00765,0.0
K00766,0.0
K00767,0.0
K00768,1.0
K00769,1.0
K00773,0.0
K00782,-1.0
K00783,0.0
K00784,-1.0
K00788,0.0
K00789,0.0
K00790,0.0
K00791,-0.8
K00793,0.0
K00794,0.0
K00795,0.0
K00796,0.0
K00797,0.4
K00798,0.0
K00799,0.8
K00800,0.0
K00805,-1.0
K00806,0.0
K00808,1.0
K00812,0.4
K00813,0.8
K00817,0.0
K00819,0.0
K00820,0.0
K00821,0.4
K00822,1.0
K00824,1.0
K00826,0.0
K00830,0.2
K00831,0.0
K00832,0.4
K00845,1.0
K00847,0.0
K00849,-0.8
K00850,-1.0
K00851,1.0
K00852,0.4
K00853,-0.4
K00854,1.0
K00857,0.0
K00858,0.0
K00859,0.0
K00862,1.0
K00863,1.0
K00864,0.0
K00865,-1.0
K00867,1.0
K00868,1.0
K00873,0.0
K00874,1.0
K00875,1.0
K00876,-0.8
K00878,0.0
K00879,1.0
K00880,0.8
K00882,-1.0
K00883,1.0
K00887,0.0
K00891,-1.0
K00892,-0.2
K00894,0.2
K00895,1.0
K00899,-1.0
K00903,-1.0
K00912,1.0
K00919,0.0
K00925,0.0
K00926,-0.8
K00927,0.0
K00928,0.0
K00929,-1.0
K00930,0.4
K00931,0.8
K00936,1.0
K00937,0.0
K00939,0.0
K00940,0.0
K00941,0.0
K00942,0.0
K00943,0.0
K00945,1.0
K00948,0.0
K00949,0.0
K00950,0.0
K00954,0.0
K00956,1.0
K00957,1.0
K00962,0.0
K00963,-0.2
K00969,0.0
K00970,1.0
K00971,1.0
K00973,0.19999999999999996
K00974,-1.0
K00975,0.0
K00978,0.4
K00979,1.0
K00981,0.0
K00982,0.8
K00984,-0.6
K00986,0.19999999999999996
K00989,0.0
K00990,1.0
K00991,-1.0
K00992,1.0
K00997,0.0
K00998,-0.2
K01000,0.0
K01004,1.0
K01005,-1.0
K01006,1.0
K01007,-0.2
K01011,0.0
K01013,-0.4
K01026,0.8
K01031,1.0
K01032,1.0
K01040,0.4
K01046,0.0
K01048,0.8
K01053,1.0
K01054,0.0
K01055,0.0
K01056,0.0
K01057,1.0
K01060,0.6
K01061,1.0
K01066,0.0
K01069,0.0
K01070,1.0
K01075,0.8
K01077,1.0
K01079,0.8
K01082,1.0
K01083,-0.2
K01087,1.0
K01089,-0.2
K01091,0.0
K01092,0.0
K01104,-0.2
K01114,1.0
K01115,0.4
K01118,0.0
K01119,0.19999999999999996
K01121,-0.2
K01126,0.0
K01129,1.0
K01130,0.6000000000000001
K01133,1.0
K01134,0.8
K01139,0.0
K01142,1.0
K01147,-0.2
K01150,-0.2
K01151,-1.0
K01153,0.0
K01154,0.2
K01156,-0.2
K01159,1.0
K01160,0.4
K01169,1.0
K01173,0.2
K01174,0.0
K01175,0.19999999999999996
K01176,-1.0
K01178,0.4
K01181,1.0
K01182,0.0
K01184,1.0
K01185,1.0
K01186,1.0
K01190,1.0
K01191,1.0
K01192,1.0
K01193,0.0
K01198,0.6
K01200,-1.0
K01206,1.0
K01207,0.0
K01208,-0.8
K01209,0.6
K01214,1.0
K01217,1.0
K01218,1.0
K01222,-1.0
K01223,-1.0
K01226,-1.0
K01228,0.2
K01232,-0.6
K01233,0.2
K01236,1.0
K01239,1.0
K01240,0.8
K01241,1.0
K01243,0.0
K01246,0.19999999999999996
K01247,0.4
K01251,1.0
K01255,0.0
K01256,0.8
K01258,0.0
K01259,1.0
K01261,-1.0
K01262,1.0
K01265,0.0
K01269,-1.0
K01270,-0.2
K01271,0.0
K01273,1.0
K01274,-1.0
K01284,1.0
K01286,0.0
K01288,0.4
K01297,-0.8
K01299,-1.0
K01318,0.6
K01322,1.0
K01323,0.4
K01337,0.2
K01338,0.0
K01342,0.2
K01354,1.0
K01355,0.2
K01356,0.0
K01358,0.0
K01361,-1.0
K01400,-1.0
K01406,1.0
K01409,0.0
K01414,-0.2
K01419,0.0
K01420,1.0
K01421,-1.0
K01423,1.0
K01424,-1.0
K01425,0.4
K01426,0.0
K01428,1.0
K01429,1.0
K01430,1.0
K01432,0.8
K01433,1.0
K01436,-1.0
K01438,1.0
K01439,1.0
K01442,-0.8
K01443,0.0
K01447,-0.2
K01448,0.0
K01449,1.0
K01451,1.0
K01452,-0.2
K01453,0.4
K01455,1.0
K01457,1.0
K01458,1.0
K01460,-0.8
K01462,0.0
K01463,-0.8
K01464,1.0
K01465,0.0
K01466,1.0
K01468,1.0
K01469,0.6
K01470,1.0
K01473,1.0
K01474,1.0
K01475,-0.2
K01476,0.0
K01478,-0.8
K01480,0.0
K01483,1.0
K01485,0.8
K01486,0.0
K01487,1.0
K01488,0.4
K01489,0.0
K01491,0.0
K01493,-0.8
K01494,0.8
K01495,1.0
K01496,1.0
K01497,-0.2
K01501,0.8
K01507,0.8
K01512,0.0
K01515,-1.0
K01517,0.6
K01519,0.0
K01520,0.8
K01523,0.0
K01524,0.0
K01529,-0.2
K01531,0.2
K01533,0.4
K01534,0.0
K01546,1.0
K01547,0.8
K01548,1.0
K01551,-0.6
K01552,-0.8
K01554,1.0
K01556,-1.0
K01560,0.0
K01561,0.8
K01563,0.8
K01574,0.8
K01578,0.8
K01579,-1.0
K01580,-0.2
K01581,1.0
K01584,0.6
K01585,-0.6
K01586,0.0
K01588,0.0
K01589,0.0
K01591,0.0
K01593,1.0
K01595,0.2
K01599,0.0
K01607,1.0
K01609,0.0
K01610,0.0
K01611,-1.0
K01613,0.0
K01617,0.2
K01619,0.0
K01620,0.0
K01621,1.0
K01623,1.0
K01624,1.0
K01625,1.0
K01626,0.0
K01627,1.0
K01631,1.0
K01633,0.0
K01637,0.0
K01638,0.0
K01643,-0.2
K01644,0.8
K01647,1.0
K01649,1.0
K01652,0.8
K01653,1.0
K01657,-1.0
K01658,-0.8
K01659,-1.0
K01661,-1.0
K01662,0.0
K01664,-0.2
K01665,-0.2
K01669,0.0
K01673,0.0
K01674,0.2
K01676,0.8
K01679,0.0
K01681,0.0
K01684,1.0
K01685,1.0
K01686,0.8
K01687,0.8
K01689,0.0
K01690,1.0
K01692,0.4
K01693,0.0
K01695,0.0
K01696,0.0
K01698,0.0
K01702,1.0
K01707,1.0
K01709,0.4
K01710,0.19999999999999996
K01711,0.6
K01712,0.8
K01713,0.4
K01714,0.0
K01715,1.0
K01716,1.0
K01719,0.0
K01721,1.0
K01724,0.0
K01726,0.0
K01728,-0.8
K01734,0.0
K01735,0.0
K01736,0.0
K01737,-0.4
K01738,0.0
K01740,1.0
K01744,0.2
K01745,1.0
K01749,0.0
K01750,1.0
K01751,0.4
K01752,0.0
K01754,1.0
K01755,0.0
K01756,0.0
K01758,-0.2
K01759,1.0
K01760,1.0
K01761,1.0
K01766,-0.2
K01768,1.0
K01770,-1.0
K01772,0.0
K01775,0.0
K01776,0.0
K01777,0.4
K01778,1.0
K01779,0.8
K01782,1.0
K01783,0.0
K01784,0.0
K01785,0.0
K01788,-0.8
K01790,1.0
K01791,-1.0
K01792,0.0
K01799,0.8
K01800,0.6
K01801,1.0
K01803,0.0
K01804,0.0
K01805,0.8
K01807,0.8
K01808,-0.19999999999999996
K01809,-0.4
K01810,0.0
K01811,-1.0
K01812,1.0
K01814,0.0
K01815,1.0
K01816,0.8
K01817,0.0
K01820,1.0
K01821,0.0
K01822,0.6
K01823,-0.4
K01825,-0.2
K01826,0.6
K01833,0.2
K01834,1.0
K01835,0.0
K01838,0.0
K01839,0.0
K01840,0.0
K01843,1.0
K01845,-0.19999999999999996
K01847,1.0
K01856,0.2
K01857,1.0
K01866,0.0
K01867,0.0
K01868,0.0
K01869,0.0
K01870,0.0
K01872,0.0
K01873,0.0
K01874,0.0
K01875,0.0
K01876,0.0
K01878,0.0
K01879,0.0
K01880,0.4
K01881,0.0
K01883,0.0
K01885,0.8
K01887,0.0
K01889,0.0
K01890,0.0
K01892,0.0
K01893,-1.0
K01895,0.0
K01897,-0.2
K01899,1.0
K01902,-1.0
K01903,0.0
K01907,1.0
K01908,1.0
K01911,-1.0
K01912,-0.4
K01914,-1.0
K01915,0.0
K01916,0.0
K01918,0.0
K01919,0.19999999999999996
K01920,1.0
K01921,0.0
K01923,0.0
K01924,0.0
K01925,0.0
K01926,-1.0
K01928,0.0
K01929,0.0
K01933,-1.0
K01934,0.0
K01935,-0.2
K01937,0.0
K01938,0.0
K01939,0.0
K01940,0.0
K01941,1.0
K01945,0.0
K01949,1.0
K01950,1.0
K01951,0.0
K01953,0.20000000000000007
K01955,0.0
K01956,0.0
K01958,0.0
K01961,0.0
K01962,0.0
K01963,0.0
K01965,1.0
K01966,1.0
K01968,1.0
K01969,1.0
K01971,1.0
K01972,0.0
K01975,0.0
K01989,1.0
K01990,0.0
K01991,0.8
K01993,0.8
K01994,0.2
K01995,0.8
K01996,1.0
K01997,1.0
K01998,0.8
K01999,0.8
K02000,0.8
K02001,0.8
K02002,1.0
K02003,0.0
K02004,0.0
K02005,0.4
K02010,0.0
K02011,0.0
K02012,0.0
K02013,0.6
K02014,-0.2
K02015,0.0
K02016,0.0
K02017,1.0
K02018,0.19999999999999996
K02019,1.0
K02020,0.19999999999999996
K02021,1.0
K02025,0.19999999999999996
K02026,0.19999999999999996
K02027,0.19999999999999996
K02028,0.0
K02029,0.0
K02030,1.0
K02031,0.6
K02032,0.0
K02033,0.0
K02034,0.0
K02035,0.8
K02036,0.0
K02037,0.0
K02038,0.0
K02039,0.0
K02040,0.0
K02041,1.0
K02042,1.0
K02043,1.0
K02044,1.0
K02045,0.8
K02046,1.0
K02047,1.0
K02049,1.0
K02050,1.0
K02051,1.0
K02052,1.0
K02053,0.0
K02054,0.0
K02055,1.0
K02056,1.0
K02057,0.8
K02058,0.4
K02065,1.0
K02066,1.0
K02067,1.0
K02068,-1.0
K02069,-1.0
K02071,0.0
K02072,0.0
K02073,0.0
K02074,1.0
K02075,1.0
K02076,-1.0
K02077,1.0
K02078,0.0
K02081,1.0
K02086,-0.8
K02099,0.0
K02103,-0.4
K02108,-1.0
K02109,0.0
K02110,-1.0
K02111,-1.0
K02113,0.0
K02114,0.0
K02115,0.0
K02116,1.0
K02126,1.0
K02128,1.0
K02132,1.0
K02133,0.0
K02160,0.0
K02167,0.8
K02168,-0.2
K02169,0.8
K02170,1.0
K02171,-0.4
K02173,1.0
K02182,0.2
K02183,0.2
K02189,1.0
K02193,0.4
K02194,1.0
K02195,1.0
K02196,1.0
K02197,1.0
K02198,1.0
K02199,0.0
K02200,1.0
K02204,0.4
K02221,0.0
K02224,1.0
K02225,1.0
K02226,1.0
K02227,1.0
K02228,1.0
K02229,1.0
K02230,1.0
K02231,1.0
K02232,1.0
K02233,1.0
K02234,0.0
K02236,-1.0
K02237,-1.0
K02238,0.0
K02240,-1.0
K02242,0.0
K02243,-1.0
K02244,-1.0
K02245,-1.0
K02246,-0.8
K02250,-1.0
K02257,0.0
K02258,1.0
K02259,0.0
K02262,1.0
K02274,0.0
K02275,0.0
K02276,1.0
K02277,1.0
K02278,1.0
K02279,1.0
K02280,1.0
K02281,1.0
K02282,1.0
K02283,1.0
K02294,1.0
K02297,1.0
K02298,0.8
K02299,1.0
K02300,0.8
K02302,1.0
K02303,1.0
K02313,0.0
K02314,0.0
K02315,0.0
K02316,0.0
K02335,0.0
K02336,-0.2
K02337,0.0
K02338,0.0
K02339,0.8
K02340,0.0
K02341,0.0
K02342,0.0
K02343,0.0
K02346,0.0
K02347,-1.0
K02348,0.0
K02351,-0.4
K02355,0.0
K02356,0.0
K02357,0.0
K02358,0.0
K02364,0.4
K02372,0.0
K02377,0.6
K02381,-0.4
K02383,0.0
K02385,-1.0
K02386,1.0
K02387,0.0
K02388,0.0
K02389,0.0
K02390,1.0
K02391,0.0
K02392,0.0
K02393,1.0
K02394,1.0
K02395,1.0
K02396,0.0
K02397,0.0
K02398,-1.0
K02399,-1.0
K02400,0.0
K02401,0.0
K02404,-1.0
K02405,-1.0
K02406,0.0
K02407,-1.0
K02408,0.0
K02409,0.0
K02410,0.0
K02411,-1.0
K02412,0.0
K02413,-1.0
K02414,-1.0
K02415,0.0
K02416,0.0
K02417,0.0
K02418,-0.8
K02419,0.0
K02420,0.0
K02421,0.0
K02422,-1.0
K02424,0.0
K02426,1.0
K02427,1.0
K02431,1.0
K02433,0.0
K02434,0.0
K02435,0.0
K02437,0.0
K02438,1.0
K02439,0.19999999999999996
K02440,-1.0
K02441,0.8
K02443,-1.0
K02444,1.0
K02445,-0.2
K02446,-1.0
K02450,0.4
K02456,-1.0
K02458,-0.8
K02469,0.0
K02470,0.0
K02471,1.0
K02472,-1.0
K02473,0.6000000000000001
K02474,-0.6
K02477,-1.0
K02478,-1.0
K02479,0.2
K02480,1.0
K02482,0.6
K02483,-0.2
K02484,-0.39999999999999997
K02485,0.2
K02486,1.0
K02488,0.0
K02490,-1.0
K02491,-0.8
K02492,-0.8
K02493,0.0
K02495,0.0
K02496,-0.2
K02497,-1.0
K02498,0.8
K02499,-1.0
K02500,0.0
K02501,0.0
K02502,0.0
K02503,0.0
K02509,0.6
K02510,0.6
K02517,1.0
K02518,0.0
K02519,0.0
K02520,0.0
K02523,1.0
K02527,1.0
K02528,0.0
K02529,0.6
K02532,-0.2
K02533,1.0
K02535,1.0
K02536,0.8
K02548,-1.0
K02549,-1.0
K02551,-1.0
K02552,-1.0
K02554,1.0
K02556,0.0
K02557,0.0
K02560,-0.2
K02563,0.0
K02564,-1.0
K02565,0.19999999999999996
K02570,-0.2
K02572,-0.2
K02574,0.8
K02575,0.4
K02584,1.0
K02585,1.0
K02586,1.0
K02587,1.0
K02588,0.8
K02591,1.0
K02592,1.0
K02593,0.4
K02596,0.2
K02598,-1.0
K02600,0.0
K02601,0.0
K02609,-0.2
K02610,-0.2
K02611,-0.2
K02612,0.8
K02613,-0.2
K02614,1.0
K02618,-0.2
K02619,-1.0
K02621,1.0
K02622,0.6
K02623,1.0
K02624,1.0
K02636,0.0
K02638,0.8
K02647,-1.0
K02651,1.0
K02652,-1.0
K02653,-1.0
K02656,1.0
K02662,-1.0
K02664,-1.0
K02669,-1.0
K02672,-0.6
K02687,0.0
K02688,-1.0
K02757,-1.0
K02759,-1.0
K02760,-1.0
K02761,-1.0
K02768,-0.4
K02770,-1.0
K02773,-1.0
K02775,-0.2
K02777,-1.0
K02784,0.0
K02786,-1.0
K02791,-0.8
K02793,1.0
K02798,-0.8
K02800,-0.8
K02804,-1.0
K02805,0.4
K02806,0.8
K02810,-1.0
K02819,-1.0
K02821,-0.2
K02822,-0.4
K02823,-1.0
K02824,-1.0
K02825,-1.0
K02827,-1.0
K02828,-1.0
K02829,-1.0
K02834,0.0
K02835,0.0
K02836,0.0
K02837,0.0
K02838,0.0
K02843,-0.2
K02847,1.0
K02848,-0.2
K02849,-0.2
K02851,-1.0
K02852,-0.2
K02853,-0.2
K02859,-1.0
K02860,0.0
K02862,-1.0
K02863,0.0
K02864,0.0
K02867,0.0
K02871,0.0
K02874,0.0
K02876,0.0
K02878,0.0
K02879,0.0
K02881,0.0
K02884,0.0
K02886,0.0
K02887,0.0
K02888,0.0
K02890,0.0
K02892,-0.4
K02895,0.0
K02897,0.0
K02899,0.0
K02902,0.6
K02904,1.0
K02906,0.0
K02907,0.0
K02909,0.0
K02911,0.4
K02913,0.0
K02914,-0.4
K02916,0.0
K02919,0.4
K02926,0.0
K02931,0.0
K02933,0.0
K02935,0.0
K02939,0.0
K02945,0.0
K02946,0.0
K02948,0.0
K02950,0.0
K02952,0.0
K02954,0.0
K02956,0.0
K02959,0.0
K02961,0.0
K02963,0.0
K02965,0.0
K02967,0.0
K02968,0.0
K02970,0.0
K02982,0.0
K02986,0.0
K02988,0.0
K02990,0.0
K02992,0.0
K02994,0.0
K02996,0.0
K03040,0.0
K03043,-1.0
K03046,0.0
K03048,-1.0
K03060,0.0
K03070,0.0
K03071,0.8
K03072,0.4
K03073,0.0
K03074,-1.0
K03075,0.0
K03076,0.0
K03077,-0.4
K03079,1.0
K03086,0.0
K03088,0.0
K03089,1.0
K03090,-1.0
K03091,-1.0
K03092,0.0
K03098,0.4
K03100,0.0
K03101,0.0
K03106,0.0
K03110,0.0
K03111,0.0
K03112,-0.2
K03116,0.4
K03117,1.0
K03118,0.0
K03147,0.6000000000000001
K03148,-0.8
K03149,0.39999999999999997
K03153,0.0
K03154,0.6
K03163,-0.2
K03168,0.0
K03169,-1.0
K03177,0.0
K03179,1.0
K03183,0.0
K03185,1.0
K03186,0.8
K03187,0.8
K03188,1.0
K03189,1.0
K03190,1.0
K03192,0.8
K03194,1.0
K03195,0.6000000000000001
K03196,0.6000000000000001
K03197,0.8
K03198,0.8
K03199,0.6000000000000001
K03200,0.6000000000000001
K03201,0.8
K03202,0.6
K03203,0.6000000000000001
K03204,0.6000000000000001
K03205,0.4
K03208,-0.8
K03210,0.0
K03215,0.0
K03216,0.0
K03217,0.0
K03218,0.0
K03219,-0.2
K03224,-0.2
K03269,1.0
K03271,0.2
K03273,0.2
K03276,1.0
K03279,0.8
K03281,0.8
K03282,0.0
K03284,0.0
K03286,1.0
K03291,1.0
K03293,-1.0
K03294,1.0
K03296,0.0
K03297,1.0
K03298,0.6
K03303,-1.0
K03304,0.2
K03305,-1.0
K03306,1.0
K03307,0.0
K03308,-1.0
K03309,-1.0
K03310,-1.0
K03311,-1.0
K03312,-0.2
K03313,0.4
K03315,-1.0
K03317,-1.0
K03319,-0.2
K03320,0.0
K03321,0.0
K03322,1.0
K03324,0.0
K03325,-0.2
K03326,-0.2
K03327,0.0
K03328,0.0
K03331,1.0
K03332,0.2
K03333,0.2
K03335,0.8
K03336,1.0
K03337,0.8
K03338,1.0
K03339,-1.0
K03340,-0.2
K03342,1.0
K03346,-1.0
K03366,1.0
K03381,0.2
K03382,1.0
K03383,1.0
K03387,-1.0
K03392,0.2
K03395,0.2
K03396,1.0
K03400,0.2
K03402,-1.0
K03406,0.0
K03407,0.0
K03408,0.0
K03410,-1.0
K03411,0.0
K03412,1.0
K03413,0.0
K03415,-1.0
K03417,1.0
K03418,0.2
K03424,0.0
K03426,0.8
K03427,-0.6
K03430,-0.2
K03431,0.0
K03435,1.0
K03436,0.0
K03437,0.0
K03438,0.0
K03439,0.0
K03442,0.0
K03445,1.0
K03446,0.6
K03449,0.8
K03451,-0.4
K03455,0.0
K03457,0.8
K03464,0.2
K03465,0.2
K03466,0.0
K03468,0.6
K03469,1.0
K03470,0.0
K03471,-1.0
K03473,-0.2
K03474,1.0
K03475,-0.4
K03478,-0.8
K03480,-1.0
K03483,-0.8
K03484,-1.0
K03486,-1.0
K03488,-1.0
K03489,-1.0
K03491,-0.4
K03492,-0.8
K03495,0.0
K03496,0.19999999999999996
K03497,0.0
K03498,-1.0
K03499,-1.0
K03500,0.0
K03501,0.0
K03502,-1.0
K03517,0.0
K03518,0.2
K03519,0.4
K03520,0.2
K03521,0.0
K03522,0.0
K03523,0.0
K03524,0.0
K03525,-1.0
K03526,0.0
K03527,0.0
K03528,-0.2
K03529,0.0
K03530,0.0
K03531,0.0
K03534,0.8
K03536,-0.6
K03543,1.0
K03544,0.0
K03545,0.0
K03546,0.0
K03547,0.0
K03548,0.0
K03549,1.0
K03550,0.0
K03551,0.0
K03553,0.0
K03555,0.0
K03556,0.8
K03557,0.2
K03558,0.0
K03560,1.0
K03562,1.0
K03563,-1.0
K03564,0.0
K03565,0.0
K03566,0.8
K03568,0.8
K03569,-1.0
K03570,-1.0
K03571,-1.0
K03572,0.0
K03573,-0.2
K03574,0.0
K03575,0.0
K03576,-0.2
K03577,1.0
K03579,0.8
K03580,0.0
K03581,0.0
K03583,-0.2
K03584,0.0
K03585,1.0
K03587,1.0
K03588,0.0
K03589,0.0
K03590,0.0
K03592,1.0
K03593,0.0
K03594,1.0
K03595,0.0
K03596,0.0
K03597,-0.2
K03599,1.0
K03601,0.0
K03602,0.0
K03604,0.0
K03607,1.0
K03608,0.8
K03609,0.0
K03610,0.0
K03611,0.0
K03616,0.6
K03620,1.0
K03621,0.0
K03623,-0.2
K03624,0.0
K03625,0.0
K03628,0.0
K03629,0.0
K03630,0.0
K03631,0.0
K03633,-0.2
K03634,1.0
K03635,0.8
K03636,0.8
K03637,0.19999999999999996
K03638,0.4
K03639,0.4
K03640,1.0
K03641,1.0
K03642,1.0
K03643,1.0
K03644,0.0
K03646,-0.4
K03647,1.0
K03648,0.0
K03649,1.0
K03650,0.0
K03651,0.8
K03652,0.0
K03654,0.0
K03655,0.0
K03656,-0.2
K03657,0.0
K03658,-0.2
K03664,0.0
K03665,0.0
K03666,0.0
K03667,0.0
K03671,0.0
K03672,0.2
K03673,0.0
K03675,0.6
K03676,1.0
K03684,1.0
K03685,0.0
K03686,0.0
K03687,0.0
K03688,0.19999999999999996
K03693,-1.0
K03694,1.0
K03695,0.0
K03696,-0.6
K03698,-1.0
K03699,0.0
K03700,-1.0
K03701,0.0
K03702,0.0
K03703,0.0
K03704,0.0
K03705,0.0
K03706,-1.0
K03707,0.0
K03708,-1.0
K03709,-1.0
K03710,-0.8
K03711,0.0
K03712,-0.8
K03713,-1.0
K03717,-0.2
K03718,0.8
K03719,0.0
K03720,-1.0
K03722,-1.0
K03723,0.0
K03724,1.0
K03726,0.2
K03732,-0.2
K03733,0.0
K03734,0.2
K03735,1.0
K03736,1.0
K03741,0.19999999999999996
K03742,0.0
K03743,0.8
K03744,0.0
K03745,1.0
K03748,-1.0
K03750,0.20000000000000007
K03752,0.4
K03753,-0.39999999999999997
K03756,0.2
K03758,-1.0
K03759,0.2
K03762,1.0
K03763,-1.0
K03764,-0.2
K03765,0.2
K03768,0.0
K03769,1.0
K03770,1.0
K03771,1.0
K03776,0.8
K03781,0.0
K03782,1.0
K03783,0.0
K03784,-1.0
K03786,0.4
K03787,0.8
K03789,0.0
K03790,0.0
K03791,1.0
K03793,1.0
K03797,0.0
K03798,0.0
K03799,0.0
K03800,-1.0
K03801,1.0
K03802,-0.2
K03808,1.0
K03809,0.8
K03810,-0.8
K03814,1.0
K03816,-1.0
K03817,-1.0
K03818,-0.4
K03820,1.0
K03821,1.0
K03824,0.8
K03825,0.8
K03826,0.4
K03828,0.4
K03829,0.8
K03830,0.8
K03832,0.6
K03834,-0.2
K03837,-0.2
K03839,-1.0
K03841,-0.2
K03855,1.0
K03862,0.2
K03863,0.6000000000000001
K03885,0.0
K03886,-1.0
K03887,-1.0
K03888,-1.0
K03892,0.0
K03893,-0.19999999999999996
K03896,0.4
K03897,-0.19999999999999996
K03919,1.0
K03921,-0.2
K03924,0.0
K03925,1.0
K03928,-0.6
K03929,0.8
K03930,1.0
K03931,0.6
K03932,0.6
K03934,1.0
K03935,1.0
K03936,1.0
K03937,1.0
K03940,1.0
K03941,1.0
K03942,1.0
K03953,1.0
K03969,1.0
K03972,0.0
K03973,-1.0
K03975,0.0
K03976,0.0
K03977,0.0
K03978,0.0
K03979,0.0
K03980,0.8
K03981,0.8
K04015,-0.2
K04016,-0.2
K04018,1.0
K04027,-0.2
K04030,1.0
K04033,0.8
K04034,1.0
K04042,0.0
K04043,0.0
K04045,0.2
K04046,0.8
K04047,0.0
K04061,-1.0
K04062,1.0
K04063,0.0
K04065,1.0
K04066,0.0
K04068,-0.8
K04069,-0.8
K04072,-1.0
K04074,-1.0
K04075,0.0
K04077,0.0
K04078,0.0
K04079,-0.6
K04080,1.0
K04082,-0.2
K04083,0.0
K04085,-0.19999999999999996
K04087,0.8
K04088,1.0
K04090,0.4
K04091,1.0
K04092,1.0
K04094,0.0
K04095,-0.4
K04096,0.0
K04097,1.0
K04098,1.0
K04102,0.8
K04103,0.2
K04110,0.4
K04125,0.4
K04127,0.2
K04343,0.8
K04477,-0.2
K04485,0.0
K04486,-1.0
K04487,0.0
K04488,0.0
K04518,1.0
K04562,-1.0
K04564,0.0
K04565,1.0
K04567,0.0
K04568,1.0
K04643,-0.4
K04653,-0.2
K04654,-0.2
K04719,0.8
K04744,0.8
K04749,-1.0
K04750,0.0
K04751,1.0
K04752,1.0
K04753,-0.2
K04754,-0.2
K04755,1.0
K04756,1.0
K04757,-1.0
K04758,-0.6
K04759,-0.6
K04760,1.0
K04761,1.0
K04762,0.0
K04763,0.0
K04764,1.0
K04765,1.0
K04766,-1.0
K04767,0.0
K04768,0.0
K04771,-0.2
K04772,0.6
K04773,1.0
K04775,0.2
K04780,0.2
K04884,1.0
K05020,-1.0
K05275,0.6
K05299,0.4
K05301,1.0
K05303,0.2
K05308,1.0
K05311,-1.0
K05337,-1.0
K05339,-1.0
K05340,-0.4
K05343,1.0
K05346,1.0
K05349,0.0
K05350,0.0
K05351,1.0
K05358,1.0
K05366,0.0
K05367,0.8
K05375,0.4
K05384,-1.0
K05389,-1.0
K05499,0.0
K05516,0.0
K05520,-1.0
K05523,0.2
K05524,1.0
K05527,1.0
K05539,1.0
K05540,0.0
K05548,1.0
K05549,0.2
K05550,0.2
K05555,0.0
K05558,0.2
K05559,-0.2
K05565,0.0
K05566,0.0
K05567,0.19999999999999996
K05568,0.0
K05569,0.0
K05570,-0.19999999999999996
K05571,0.0
K05589,1.0
K05592,0.0
K05593,-1.0
K05594,1.0
K05595,1.0
K05596,1.0
K05603,1.0
K05605,1.0
K05606,0.0
K05614,-1.0
K05685,0.8
K05710,0.8
K05711,-0.2
K05712,0.0
K05714,0.0
K05715,0.4
K05770,-0.6
K05774,1.0
K05777,-1.0
K05780,1.0
K05781,1.0
K05782,1.0
K05783,0.2
K05784,0.2
K05785,0.6
K05786,0.0
K05788,1.0
K05794,0.0
K05795,0.2
K05799,0.0
K05800,0.4
K05801,1.0
K05802,1.0
K05803,0.2
K05805,1.0
K05807,1.0
K05808,0.0
K05810,0.0
K05813,0.4
K05814,0.4
K05815,0.4
K05820,0.0
K05822,-1.0
K05823,-1.0
K05825,1.0
K05832,1.0
K05833,1.0
K05834,1.0
K05835,1.0
K05836,1.0
K05837,-1.0
K05838,0.8
K05841,0.2
K05844,-1.0
K05845,0.4
K05846,0.0
K05847,0.0
K05851,-0.2
K05874,0.0
K05875,1.0
K05876,0.2
K05878,0.0
K05879,0.0
K05881,0.0
K05882,1.0
K05884,1.0
K05895,0.6
K05896,0.0
K05897,-0.2
K05898,0.2
K05901,0.0
K05916,0.0
K05925,0.2
K05928,0.4
K05936,1.0
K05937,-0.6
K05939,0.8
K05946,1.0
K05964,-0.2
K05967,-0.4
K05972,1.0
K05973,1.0
K05985,-1.0
K05986,0.4
K05989,1.0
K05995,-0.20000000000000007
K06016,1.0
K06019,-1.0
K06020,1.0
K06023,0.0
K06024,0.0
K06030,-1.0
K06035,0.4
K06037,1.0
K06041,0.8
K06042,1.0
K06044,1.0
K06046,0.2
K06048,1.0
K06075,1.0
K06076,1.0
K06113,-0.39999999999999997
K06117,0.0
K06118,1.0
K06123,1.0
K06125,1.0
K06127,1.0
K06131,0.0
K06132,0.2
K06133,0.2
K06134,0.2
K06145,0.8
K06147,1.0
K06148,0.6
K06149,-0.19999999999999996
K06151,0.4
K06153,0.0
K06156,-1.0
K06158,0.0
K06162,1.0
K06163,1.0
K06164,1.0
K06165,1.0
K06166,1.0
K06167,0.0
K06168,0.8
K06173,0.0
K06178,0.0
K06179,1.0
K06180,0.0
K06182,-1.0
K06183,-1.0
K06186,1.0
K06187,0.0
K06188,1.0
K06189,0.8
K06190,1.0
K06191,1.0
K06193,0.0
K06194,1.0
K06195,1.0
K06196,0.0
K06198,-0.8
K06199,0.0
K06200,-1.0
K06201,0.0
K06203,1.0
K06204,0.0
K06205,-0.2
K06206,-0.6
K06207,0.0
K06211,0.2
K06213,0.0
K06215,-1.0
K06217,0.0
K06218,0.39999999999999997
K06221,0.0
K06222,0.6
K06265,0.8
K06281,-0.2
K06284,-1.0
K06286,-1.0
K06287,0.0
K06306,-0.4
K06320,0.0
K06324,-0.6
K06330,-0.4
K06349,-1.0
K06350,0.2
K06351,1.0
K06375,-1.0
K06376,-1.0
K06377,-1.0
K06384,-0.4
K06400,-0.19999999999999996
K06409,-1.0
K06412,-1.0
K06413,-1.0
K06415,1.0
K06416,-1.0
K06439,-0.2
K06440,-0.2
K06442,0.0
K06518,-1.0
K06568,-0.4
K06595,-0.8
K06599,1.0
K06601,1.0
K06602,1.0
K06603,-1.0
K06604,-1.0
K06605,1.0
K06606,1.0
K06607,0.4
K06720,1.0
K06726,-0.6
K06816,0.8
K06861,0.8
K06865,-1.0
K06867,-0.19999999999999996
K06876,-1.0
K06877,-0.4
K06878,0.0
K06879,-0.2
K06881,-1.0
K06882,-0.4
K06883,-0.8
K06885,-1.0
K06886,0.19999999999999996
K06889,0.0
K06890,1.0
K06891,1.0
K06893,1.0
K06894,1.0
K06895,0.8
K06896,-0.4
K06901,-1.0
K06902,1.0
K06903,0.0
K06904,-0.2
K06905,0.2
K06906,0.2
K06907,0.2
K06908,0.2
K06909,-0.2
K06910,0.8
K06911,0.0
K06912,0.2
K06915,1.0
K06916,0.8
K06918,1.0
K06919,0.0
K06920,0.0
K06921,0.6
K06923,1.0
K06925,-1.0
K06929,0.0
K06930,0.6000000000000001
K06934,0.2
K06938,0.2
K06940,1.0
K06941,0.0
K06946,-1.0
K06948,-1.0
K06949,0.0
K06950,0.0
K06952,1.0
K06953,1.0
K06954,1.0
K06958,-1.0
K06959,0.0
K06962,-1.0
K06966,0.2
K06967,-1.0
K06968,-0.2
K06969,1.0
K06971,1.0
K06973,-1.0
K06975,1.0
K06976,-1.0
K06978,1.0
K06980,1.0
K06985,0.8
K06987,1.0
K06988,0.0
K06989,0.2
K06994,-1.0
K06995,1.0
K06996,1.0
K06997,0.0
K06998,1.0
K06999,0.4
K07000,-0.2
K07001,1.0
K07002,1.0
K07004,0.0
K07005,1.0
K07006,1.0
K07007,0.0
K07010,1.0
K07012,-0.4
K07015,-1.0
K07017,0.0
K07018,0.8
K07020,0.6
K07025,-0.19999999999999996
K07027,0.2
K07028,0.0
K07029,0.0
K07030,-1.0
K07031,0.2
K07032,0.0
K07035,-1.0
K07037,-1.0
K07038,-0.6
K07039,0.4
K07040,0.0
K07041,-0.2
K07042,0.0
K07046,1.0
K07047,-0.19999999999999996
K07048,1.0
K07050,0.0
K07052,-1.0
K07054,0.0
K07055,-0.2
K07056,0.0
K07058,0.0
K07059,1.0
K07062,1.0
K07064,0.4
K07071,-0.8
K07074,0.2
K07075,0.0
K07076,0.0
K07079,0.4
K07082,0.0
K07084,-1.0
K07085,-0.2
K07086,-1.0
K07089,-0.4
K07090,0.0
K07091,1.0
K07092,0.0
K07094,-1.0
K07095,0.0
K07096,0.6
K07098,0.0
K07102,0.19999999999999996
K07104,0.0
K07105,-1.0
K07106,-1.0
K07107,0.0
K07110,1.0
K07112,0.6
K07113,1.0
K07114,0.8
K07115,1.0
K07118,-0.6
K07120,1.0
K07121,-0.2
K07122,1.0
K07123,1.0
K07124,0.0
K07126,1.0
K07127,0.6
K07130,-0.6
K07133,0.6
K07137,0.4
K07139,-1.0
K07140,1.0
K07141,0.8
K07145,1.0
K07146,0.0
K07147,1.0
K07148,-0.8
K07149,-1.0
K07150,-1.0
K07152,0.0
K07154,1.0
K07155,1.0
K07156,0.4
K07157,1.0
K07160,1.0
K07165,0.8
K07167,0.0
K07168,1.0
K07171,-1.0
K07172,0.6
K07173,-1.0
K07175,-1.0
K07176,-1.0
K07177,-1.0
K07180,1.0
K07181,-1.0
K07182,1.0
K07183,1.0
K07184,-0.4
K07192,0.0
K07213,-1.0
K07215,1.0
K07217,-0.2
K07218,0.19999999999999996
K07220,1.0
K07222,0.6
K07223,-0.2
K07224,0.39999999999999997
K07225,1.0
K07226,1.0
K07228,-1.0
K07229,1.0
K07231,1.0
K07232,1.0
K07238,-1.0
K07240,-0.19999999999999996
K07245,0.6
K07246,0.8
K07250,1.0
K07251,0.0
K07257,0.2
K07258,0.0
K07260,-0.8
K07261,1.0
K07263,0.0
K07270,0.4
K07272,0.2
K07273,1.0
K07274,1.0
K07277,1.0
K07278,0.8
K07280,-0.4
K07282,-1.0
K07284,0.0
K07289,0.8
K07300,1.0
K07301,-1.0
K07302,0.8
K07303,0.6
K07304,1.0
K07305,1.0
K07306,-0.2
K07307,-0.2
K07309,-0.2
K07312,-0.2
K07313,0.0
K07315,1.0
K07317,0.8
K07319,0.2
K07322,-0.8
K07326,0.39999999999999997
K07334,0.2
K07335,0.0
K07338,1.0
K07340,0.0
K07341,1.0
K07343,1.0
K07344,0.19999999999999996
K07345,-0.2
K07347,-0.2
K07348,-0.2
K07351,-0.2
K07354,-0.2
K07369,1.0
K07387,-0.2
K07390,1.0
K07391,0.8
K07393,0.8
K07396,0.0
K07397,0.0
K07399,-1.0
K07401,1.0
K07402,1.0
K07403,-0.4
K07404,0.39999999999999997
K07406,1.0
K07407,-0.6
K07432,0.2
K07441,1.0
K07444,-1.0
K07447,0.0
K07448,0.0
K07449,-1.0
K07451,0.0
K07452,0.6
K07453,-0.4
K07454,0.39999999999999997
K07455,-0.4
K07456,-1.0
K07458,-0.19999999999999996
K07459,0.19999999999999996
K07460,1.0
K07461,-0.20000000000000007
K07462,0.0
K07464,-0.4
K07471,0.2
K07473,0.6
K07474,0.0
K07478,0.0
K07481,0.39999999999999997
K07482,0.6
K07483,0.0
K07484,1.0
K07485,0.0
K07486,1.0
K07487,-0.4
K07490,-0.2
K07491,-0.4
K07492,0.8
K07493,0.6
K07494,1.0
K07495,0.4
K07496,-1.0
K07497,0.0
K07498,1.0
K07499,0.8
K07502,-1.0
K07503,0.2
K07504,0.2
K07505,0.2
K07506,0.4
K07507,0.8
K07511,0.8
K07512,1.0
K07516,-1.0
K07533,-1.0
K07535,1.0
K07552,0.8
K07556,1.0
K07559,1.0
K07560,-1.0
K07566,0.0
K07568,0.0
K07570,-1.0
K07571,-1.0
K07574,-1.0
K07576,0.8
K07577,1.0
K07584,-1.0
K07586,-1.0
K07590,-1.0
K07636,0.0
K07637,1.0
K07638,0.8
K07640,0.8
K07641,0.4
K07642,0.0
K07644,1.0
K07645,0.8
K07646,0.8
K07649,1.0
K07650,-0.6
K07651,-1.0
K07652,0.0
K07657,0.8
K07658,-0.19999999999999996
K07659,1.0
K07660,1.0
K07662,0.8
K07663,0.4
K07665,0.6
K07666,1.0
K07667,0.6
K07668,0.0
K07671,0.2
K07675,0.4
K07677,-0.2
K07678,0.4
K07679,0.6
K07684,1.0
K07686,0.8
K07689,-0.2
K07692,-1.0
K07693,-0.2
K07696,0.0
K07697,0.2
K07698,0.4
K07699,-1.0
K07705,-1.0
K07708,0.8
K07709,1.0
K07712,1.0
K07713,1.0
K07715,-0.2
K07716,1.0
K07718,0.0
K07720,-1.0
K07723,-1.0
K07724,0.2
K07725,0.8
K07726,-0.2
K07727,-0.4
K07728,0.2
K07729,-0.6
K07733,0.0
K07734,-1.0
K07735,1.0
K07736,0.0
K07738,0.0
K07741,-0.4
K07742,0.0
K07746,1.0
K07751,-0.2
K07755,-0.6
K07763,0.2
K07766,0.4
K07770,-1.0
K07773,-0.2
K07774,1.0
K07775,-0.8
K07776,-0.8
K07777,-1.0
K07778,-0.2
K07782,0.8
K07785,-0.2
K07787,0.0
K07789,1.0
K07791,-0.2
K07792,-0.2
K07793,1.0
K07794,1.0
K07795,1.0
K07797,-0.2
K07798,0.0
K07799,1.0
K07807,0.4
K07810,0.8
K07814,-1.0
K07816,-0.8
K07823,1.0
K07979,-1.0
K08138,-0.2
K08151,0.19999999999999996
K08152,-1.0
K08153,0.0
K08159,-0.2
K08161,0.0
K08162,-1.0
K08163,-0.2
K08164,-0.2
K08166,0.0
K08167,-0.2
K08169,0.6
K08172,1.0
K08173,0.2
K08174,0.4
K08177,0.4
K08178,1.0
K08191,-0.2
K08194,0.19999999999999996
K08217,0.0
K08219,1.0
K08221,0.4
K08223,1.0
K08224,1.0
K08225,1.0
K08234,0.0
K08254,-0.2
K08255,-0.6
K08261,1.0
K08264,-0.2
K08265,-0.6
K08281,0.0
K08282,0.8
K08295,0.4
K08296,1.0
K08297,-0.2
K08299,1.0
K08300,0.8
K08301,-1.0
K08302,-0.2
K08303,-1.0
K08304,0.0
K08305,0.8
K08306,-0.2
K08307,0.2
K08308,-0.2
K08309,0.0
K08311,1.0
K08313,-0.2
K08314,-0.8
K08316,0.0
K08317,-1.0
K08319,1.0
K08320,0.6
K08326,-0.2
K08344,1.0
K08348,-0.2
K08351,0.4
K08352,1.0
K08355,-0.6
K08363,-0.2
K08364,-0.4
K08365,0.6
K08369,1.0
K08372,-1.0
K08482,1.0
K08483,0.0
K08484,1.0
K08591,0.0
K08602,0.0
K08640,1.0
K08641,1.0
K08646,0.2
K08651,-0.8
K08678,1.0
K08679,0.0
K08680,-1.0
K08681,-1.0
K08683,1.0
K08693,-0.2
K08713,0.20000000000000007
K08717,-0.2
K08720,0.8
K08722,-1.0
K08723,-0.8
K08724,-1.0
K08726,1.0
K08738,1.0
K08744,0.0
K08758,-0.2
K08869,-0.2
K08884,0.4
K08963,-1.0
K08964,-1.0
K08965,-1.0
K08966,-1.0
K08967,-1.0
K08968,-1.0
K08969,-1.0
K08970,1.0
K08973,1.0
K08974,-1.0
K08976,-1.0
K08977,-1.0
K08978,0.8
K08981,-1.0
K08984,-1.0
K08987,-0.8
K08989,-0.8
K08990,1.0
K08992,1.0
K08995,0.6
K08997,0.0
K08998,0.0
K09001,1.0
K09003,1.0
K09004,0.2
K09005,1.0
K09007,-1.0
K09008,1.0
K09012,0.8
K09013,0.0
K09014,0.0
K09015,0.0
K09017,0.0
K09020,0.0
K09022,1.0
K09023,0.2
K09024,1.0
K09027,0.6
K09117,0.0
K09123,0.8
K09125,0.0
K09131,1.0
K09133,0.2
K09136,-0.2
K09137,0.2
K09143,0.4
K09144,0.6000000000000001
K09145,-1.0
K09159,1.0
K09160,1.0
K09167,-1.0
K09384,-0.8
K09386,1.0
K09456,1.0
K09457,0.0
K09458,0.0
K09461,0.2
K09470,1.0
K09471,0.0
K09472,1.0
K09474,1.0
K09475,-0.2
K09525,0.2
K09607,-1.0
K09628,0.4
K09645,0.6
K09666,0.2
K09667,0.0
K09681,1.0
K09682,-1.0
K09684,0.6
K09685,-1.0
K09690,0.6
K09691,0.8
K09692,-1.0
K09693,-1.0
K09694,1.0
K09695,1.0
K09696,-0.2
K09698,-1.0
K09699,1.0
K09701,1.0
K09702,0.0
K09703,1.0
K09705,1.0
K09710,0.0
K09747,0.0
K09748,0.0
K09753,0.4
K09759,0.2
K09760,1.0
K09761,0.0
K09762,-1.0
K09763,-0.8
K09766,-1.0
K09767,-1.0
K09768,1.0
K09769,0.0
K09770,-1.0
K09771,1.0
K09772,-1.0
K09773,0.0
K09774,1.0
K09775,-1.0
K09780,1.0
K09781,1.0
K09786,1.0
K09787,-1.0
K09791,1.0
K09793,-1.0
K09794,1.0
K09795,1.0
K09796,1.0
K09798,1.0
K09799,1.0
K09800,0.8
K09803,0.4
K09806,1.0
K09807,0.0
K09808,0.0
K09810,0.19999999999999996
K09811,0.0
K09812,0.0
K09813,-1.0
K09815,0.0
K09816,0.0
K09817,0.0
K09823,1.0
K09825,-1.0
K09826,1.0
K09835,-1.0
K09857,-0.2
K09862,1.0
K09882,1.0
K09883,1.0
K09888,0.0
K09893,-0.2
K09897,-0.2
K09898,-0.2
K09903,0.0
K09910,-0.2
K09912,-0.2
K09919,1.0
K09922,1.0
K09924,1.0
K09926,1.0
K09927,1.0
K09928,1.0
K09929,0.2
K09930,0.4
K09936,0.0
K09942,-1.0
K09945,1.0
K09946,1.0
K09947,1.0
K09948,1.0
K09949,1.0
K09950,1.0
K09951,-0.4
K09955,1.0
K09956,1.0
K09958,1.0
K09959,0.0
K09960,0.2
K09961,0.2
K09962,-0.4
K09963,-1.0
K09964,0.2
K09967,1.0
K09969,1.0
K09970,1.0
K09971,1.0
K09972,1.0
K09973,1.0
K09975,1.0
K09976,-1.0
K09979,-0.2
K09980,0.2
K09982,1.0
K09983,1.0
K09984,0.8
K09985,1.0
K09986,1.0
K09987,1.0
K09988,1.0
K09991,1.0
K09992,1.0
K09994,0.0
K10001,0.4
K10002,-0.2
K10003,-0.2
K10009,0.0
K10010,1.0
K10012,1.0
K10018,1.0
K10019,1.0
K10020,1.0
K10021,1.0
K10022,1.0
K10023,1.0
K10026,0.0
K10027,-1.0
K10036,0.2
K10037,0.2
K10039,1.0
K10111,1.0
K10112,0.0
K10117,0.4
K10118,0.4
K10119,0.4
K10120,1.0
K10125,1.0
K10126,1.0
K10133,0.6
K10188,1.0
K10189,1.0
K10190,1.0
K10191,1.0
K10192,1.0
K10193,1.0
K10208,-1.0
K10209,-1.0
K10210,-1.0
K10213,1.0
K10218,1.0
K10220,0.2
K10221,0.8
K10227,1.0
K10228,1.0
K10229,1.0
K10231,-0.6
K10232,1.0
K10233,1.0
K10234,1.0
K10235,1.0
K10236,1.0
K10237,1.0
K10238,0.4
K10240,-1.0
K10241,-1.0
K10242,-1.0
K10255,0.0
K10300,0.2
K10398,1.0
K10421,-0.4
K10439,0.4
K10440,0.4
K10441,0.4
K10533,0.6
K10535,0.2
K10537,1.0
K10538,1.0
K10539,1.0
K10543,1.0
K10544,1.0
K10545,1.0
K10546,1.0
K10547,1.0
K10548,1.0
K10552,1.0
K10553,1.0
K10554,1.0
K10559,1.0
K10560,1.0
K10561,1.0
K10562,1.0
K10563,0.0
K10564,1.0
K10565,1.0
K10676,0.6
K10677,0.6
K10679,-1.0
K10680,0.0
K10709,0.2
K10716,-0.19999999999999996
K10718,-0.6
K10742,0.8
K10747,1.0
K10762,-0.2
K10763,1.0
K10764,1.0
K10773,-0.19999999999999996
K10777,1.0
K10778,1.0
K10798,0.4
K10804,0.0
K10805,1.0
K10806,1.0
K10820,1.0
K10823,-0.8
K10829,1.0
K10831,1.0
K10834,1.0
K10841,0.2
K10843,0.2
K10857,0.39999999999999997
K10907,0.0
K10914,0.0
K10917,-1.0
K10937,-0.2
K10947,0.0
K10979,1.0
K11003,0.8
K11004,0.8
K11005,1.0
K11016,0.4
K11022,-1.0
K11062,-0.19999999999999996
K11063,-0.6
K11065,-1.0
K11066,0.8
K11068,0.0
K11069,-0.4
K11070,0.0
K11071,0.0
K11072,-0.4
K11073,1.0
K11074,1.0
K11075,1.0
K11076,1.0
K11077,0.6
K11078,0.6
K11079,0.6
K11080,0.6
K11081,-0.2
K11082,-0.2
K11083,-0.2
K11084,-0.2
K11085,0.8
K11103,1.0
K11105,0.0
K11107,-0.2
K11127,1.0
K11144,-1.0
K11145,-1.0
K11150,0.6
K11153,1.0
K11162,0.8
K11163,0.8
K11175,-0.4
K11177,0.8
K11178,0.8
K11183,-0.2
K11206,1.0
K11208,1.0
K11209,1.0
K11210,-0.6
K11211,-0.2
K11212,-1.0
K11249,0.0
K11263,0.2
K11265,0.2
K11352,1.0
K11354,1.0
K11355,1.0
K11357,1.0
K11381,0.4
K11383,0.0
K11407,1.0
K11438,0.2
K11443,1.0
K11472,1.0
K11473,0.4
K11475,0.2
K11477,0.6
K11527,0.0
K11529,1.0
K11530,0.0
K11531,0.4
K11534,0.8
K11535,-0.2
K11604,0.2
K11605,0.4
K11606,0.4
K11607,0.4
K11617,-1.0
K11618,0.0
K11619,-1.0
K11620,-1.0
K11621,-1.0
K11622,-1.0
K11624,1.0
K11626,-1.0
K11631,-0.8
K11632,-0.4
K11645,1.0
K11685,-0.2
K11689,0.6
K11690,1.0
K11693,-1.0
K11711,0.8
K11717,0.0
K11719,1.0
K11720,0.6
K11734,-0.2
K11741,0.0
K11744,1.0
K11745,0.2
K11747,0.8
K11748,0.2
K11749,0.0
K11750,-0.2
K11751,-0.8
K11752,0.0
K11753,0.0
K11754,0.0
K11755,-0.8
K11788,1.0
K11811,1.0
K11815,-0.8
K11844,0.4
K11890,0.4
K11891,0.2
K11892,0.4
K11893,0.4
K11894,1.0
K11895,0.4
K11896,0.4
K11897,0.4
K11898,0.4
K11899,0.4
K11900,0.4
K11901,0.4
K11902,0.4
K11903,0.4
K11904,0.6
K11906,0.2
K11907,0.4
K11911,-0.2
K11913,0.2
K11921,0.4
K11922,-0.6
K11925,-1.0
K11927,1.0
K11928,-1.0
K11931,0.6
K11936,-1.0
K11937,-0.6
K11938,-0.2
K11939,1.0
K11940,1.0
K11959,1.0
K11960,1.0
K11961,1.0
K11962,1.0
K11963,1.0
K11991,0.0
K11993,1.0
K12056,-0.2
K12062,0.6
K12063,-0.4
K12069,-0.2
K12072,-0.2
K12113,-0.2
K12132,-0.8
K12137,0.6
K12138,0.4
K12140,0.4
K12141,0.4
K12152,-0.2
K12211,1.0
K12235,0.2
K12243,0.2
K12251,0.2
K12253,-0.2
K12255,0.2
K12256,1.0
K12257,0.4
K12259,0.6
K12262,1.0
K12263,-0.8
K12266,-0.2
K12267,-1.0
K12283,0.0
K12284,0.2
K12285,-0.4
K12289,-0.2
K12308,0.19999999999999996
K12343,0.2
K12368,1.0
K12369,1.0
K12370,1.0
K12371,1.0
K12372,1.0
K12373,1.0
K12445,-1.0
K12446,-0.2
K12448,0.19999999999999996
K12478,0.8
K12500,-0.2
K12506,1.0
K12510,1.0
K12511,1.0
K12513,1.0
K12514,0.4
K12515,1.0
K12518,-0.2
K12519,-0.2
K12521,-0.2
K12524,-0.2
K12525,-0.2
K12536,1.0
K12537,1.0
K12541,-0.2
K12546,0.4
K12547,1.0
K12548,1.0
K12573,0.0
K12574,0.0
K12583,1.0
K12658,0.8
K12660,-0.2
K12661,-0.2
K12678,1.0
K12685,0.8
K12687,0.2
K12710,0.4
K12743,0.2
K12941,1.0
K12944,-0.4
K12945,1.0
K12953,-0.19999999999999996
K12960,0.0
K12961,0.2
K12972,0.4
K12974,-0.2
K12976,0.6
K12978,1.0
K12980,1.0
K12987,0.4
K12988,0.0
K12989,1.0
K12990,0.2
K12997,0.4
K12998,-0.4
K13002,0.4
K13004,-0.2
K13010,1.0
K13012,0.19999999999999996
K13015,1.0
K13017,1.0
K13018,1.0
K13020,1.0
K13021,0.8
K13038,0.0
K13040,-0.2
K13052,-1.0
K13075,1.0
K13255,0.8
K13274,-1.0
K13277,-1.0
K13278,-0.2
K13283,0.0
K13292,0.0
K13300,-1.0
K13307,0.2
K13384,0.4
K13408,-0.2
K13409,-0.2
K13412,0.6
K13444,0.8
K13448,1.0
K13459,0.2
K13481,1.0
K13482,1.0
K13483,0.8
K13485,1.0
K13487,0.2
K13497,-0.2
K13503,1.0
K13529,0.8
K13530,-0.4
K13533,0.8
K13540,1.0
K13541,0.4
K13572,1.0
K13573,0.0
K13581,1.0
K13582,1.0
K13583,1.0
K13584,1.0
K13587,1.0
K13588,1.0
K13589,1.0
K13590,0.0
K13592,1.0
K13598,1.0
K13599,1.0
K13622,1.0
K13623,1.0
K13626,-1.0
K13628,0.0
K13629,-0.2
K13633,1.0
K13637,1.0
K13638,1.0
K13639,1.0
K13640,0.6
K13641,1.0
K13642,0.8
K13643,1.0
K13652,1.0
K13653,0.4
K13654,0.6
K13657,1.0
K13662,1.0
K13663,-1.0
K13668,1.0
K13670,0.2
K13684,-0.6
K13688,1.0
K13693,1.0
K13694,0.2
K13702,1.0
K13730,-0.4
K13734,-1.0
K13735,-0.2
K13770,-1.0
K13771,0.0
K13772,1.0
K13774,-0.2
K13786,1.0
K13788,0.0
K13797,0.8
K13799,-1.0
K13815,0.8
K13821,0.0
K13829,1.0
K13853,-1.0
K13874,0.8
K13875,1.0
K13876,1.0
K13877,1.0
K13892,1.0
K13893,1.0
K13894,1.0
K13895,1.0
K13896,1.0
K13926,0.8
K13936,1.0
K13953,0.8
K13963,0.8
K13967,-0.2
K13979,1.0
K13985,0.0
K13993,0.0
K13995,0.8
K13997,0.2
K14052,0.0
K14054,-0.8
K14055,0.8
K14056,0.2
K14057,1.0
K14058,1.0
K14059,0.4
K14060,-0.2
K14061,1.0
K14063,1.0
K14085,1.0
K14136,0.4
K14153,0.4
K14155,-1.0
K14159,1.0
K14160,1.0
K14161,1.0
K14162,1.0
K14163,-0.2
K14188,0.6
K14189,0.8
K14194,-0.4
K14195,-0.4
K14205,0.0
K14208,1.0
K14256,1.0
K14259,1.0
K14261,1.0
K14273,1.0
K14274,-1.0
K14286,1.0
K14333,0.6
K14335,-0.2
K14340,0.39999999999999997
K14347,1.0
K14392,-0.2
K14393,-0.6
K14405,0.8
K14415,-1.0
K14422,1.0
K14440,-0.2
K14445,0.0
K14451,1.0
K14481,-0.2
K14540,-1.0
K14584,1.0
K14588,-0.2
K14597,-1.0
K14598,-1.0
K14633,0.8
K14645,0.8
K14647,0.2
K14652,0.0
K14654,1.0
K14657,1.0
K14658,1.0
K14659,1.0
K14660,1.0
K14661,1.0
K14665,-1.0
K14666,1.0
K14672,0.2
K14673,1.0
K14682,-0.2
K14692,0.2
K14727,1.0
K14731,1.0
K14733,1.0
K14742,0.0
K14761,-1.0
K14763,0.2
K14819,0.2
K14952,-0.8
K14974,0.6
K14977,1.0
K14979,0.2
K14980,1.0
K14981,1.0
K14986,1.0
K14987,0.8
K14998,1.0
K15011,1.0
K15012,1.0
K15034,1.0
K15051,-0.2
K15054,0.2
K15055,0.0
K15057,0.19999999999999996
K15066,0.4
K15125,0.39999999999999997
K15241,0.2
K15256,0.8
K15268,0.0
K15269,1.0
K15270,0.8
K15342,-0.6
K15357,0.6
K15359,0.2
K15368,-0.2
K15371,1.0
K15460,0.0
K15461,0.6
K15475,1.0
K15509,0.4
K15510,-0.4
K15518,-1.0
K15519,-1.0
K15520,0.0
K15524,-0.2
K15532,1.0
K15537,0.0
K15539,-0.4
K15546,0.2
K15548,0.2
K15549,1.0
K15550,0.2
K15551,1.0
K15552,1.0
K15553,1.0
K15554,1.0
K15555,1.0
K15576,1.0
K15577,1.0
K15578,1.0
K15580,0.0
K15581,0.0
K15582,0.0
K15583,0.0
K15586,-0.2
K15599,0.8
K15629,-0.6
K15633,-1.0
K15634,-0.6000000000000001
K15640,-1.0
K15658,0.2
K15660,0.2
K15670,0.2
K15719,1.0
K15721,-0.2
K15725,0.6000000000000001
K15726,-0.2
K15727,-0.2
K15729,0.2
K15735,1.0
K15736,0.8
K15738,0.0
K15770,-1.0
K15771,-1.0
K15772,-1.0
K15773,1.0
K15777,0.6
K15779,-0.2
K15780,-1.0
K15782,1.0
K15783,0.8
K15784,1.0
K15785,0.8
K15786,0.8
K15830,0.4
K15832,0.4
K15835,-0.6
K15856,0.2
K15861,1.0
K15866,0.0
K15897,0.2
K15913,0.8
K15915,-0.6
K15919,1.0
K15921,-0.2
K15923,0.8
K15927,0.2
K15932,1.0
K15941,1.0
K15945,0.6
K15970,0.2
K15973,0.0
K15974,0.0
K15975,0.0
K15976,-0.8
K15977,0.6
K15983,-0.2
K15984,-1.0
K15986,-1.0
K15987,1.0
K16011,0.0
K16012,0.0
K16013,0.0
K16019,1.0
K16038,0.2
K16043,1.0
K16044,0.0
K16047,1.0
K16048,-0.2
K16052,0.19999999999999996
K16066,0.4
K16074,1.0
K16079,1.0
K16081,0.2
K16087,0.8
K16089,1.0
K16090,0.8
K16092,-0.2
K16135,0.8
K16137,1.0
K16138,0.0
K16146,0.2
K16147,0.0
K16149,-1.0
K16150,0.0
K16164,0.8
K16165,1.0
K16167,1.0
K16168,0.0
K16169,-1.0
K16171,1.0
K16214,0.2
K16216,-1.0
K16234,-0.2
K16238,0.8
K16264,-0.19999999999999996
K16267,-0.2
K16291,1.0
K16301,0.4
K16306,1.0
K16308,-0.2
K16318,0.4
K16322,0.8
K16326,-1.0
K16328,0.0
K16329,0.8
K16330,0.4
K16345,-1.0
K16348,1.0
K16509,-1.0
K16511,-1.0
K16514,0.4
K16515,0.2
K16516,0.2
K16531,-0.2
K16552,1.0
K16554,0.8
K16555,1.0
K16556,0.8
K16559,0.0
K16562,0.2
K16565,0.8
K16566,0.8
K16567,1.0
K16568,0.19999999999999996
K16593,1.0
K16639,0.0
K16651,0.2
K16669,1.0
K16692,0.8
K16693,-0.2
K16694,0.2
K16695,1.0
K16698,0.0
K16699,-1.0
K16703,1.0
K16704,-0.4
K16705,1.0
K16710,-0.2
K16783,1.0
K16784,0.19999999999999996
K16785,-1.0
K16786,-1.0
K16787,-1.0
K16789,-1.0
K16795,0.8
K16841,1.0
K16842,1.0
K16844,0.8
K16856,1.0
K16862,0.4
K16868,0.0
K16870,0.4
K16873,0.2
K16874,0.8
K16881,0.2
K16898,0.0
K16899,0.0
K16904,-1.0
K16906,-0.6
K16907,-0.8
K16919,-1.0
K16921,-1.0
K16925,-0.8
K16927,-1.0
K16937,-1.0
K16953,1.0
K16957,1.0
K16958,1.0
K16959,1.0
K17060,1.0
K17077,0.0
K17100,-0.4
K17103,0.0
K17202,1.0
K17203,1.0
K17204,1.0
K17205,0.6
K17206,0.6
K17207,0.6
K17213,1.0
K17214,1.0
K17215,1.0
K17216,-1.0
K17217,-1.0
K17218,0.2
K17228,0.2
K17230,0.4
K17237,1.0
K17238,1.0
K17239,1.0
K17240,1.0
K17241,1.0
K17242,1.0
K17243,1.0
K17244,-0.2
K17245,-0.2
K17246,-0.2
K17247,1.0
K17285,0.2
K17286,0.8
K17290,-1.0
K17315,1.0
K17316,1.0
K17317,1.0
K17321,1.0
K17322,1.0
K17323,1.0
K17324,1.0
K17325,1.0
K17363,0.6
K17462,-1.0
K17468,1.0
K17472,0.0
K17501,-0.2
K17509,1.0
K17662,1.0
K17675,1.0
K17677,-0.39999999999999997
K17680,0.4
K17686,-1.0
K17713,0.8
K17716,-0.6000000000000001
K17717,0.6
K17722,1.0
K17723,1.0
K17724,1.0
K17732,1.0
K17733,-1.0
K17734,0.4
K17735,1.0
K17736,0.8
K17737,0.6
K17768,0.2
K17804,1.0
K17810,0.2
K17828,-1.0
K17830,0.2
K17836,1.0
K17837,-0.6
K17839,0.4
K17840,-0.4
K17850,1.0
K17865,1.0
K17869,-1.0
K17879,0.0
K17880,0.6
K17884,0.0
K17900,-0.2
K17910,1.0
K17938,1.0
K17947,0.2
K17950,1.0
K17989,1.0
K18009,0.19999999999999996
K18013,1.0
K18028,0.6
K18029,0.4
K18030,1.0
K18045,0.4
K18059,0.8
K18062,0.4
K18096,1.0
K18098,1.0
K18104,-1.0
K18118,0.4
K18136,0.2
K18138,1.0
K18141,0.6000000000000001
K18148,-0.2
K18162,1.0
K18163,1.0
K18164,1.0
K18166,0.4
K18189,0.0
K18201,1.0
K18204,1.0
K18205,1.0
K18208,-0.4
K18214,-0.8
K18218,-1.0
K18220,1.0
K18221,0.2
K18225,1.0
K18232,-1.0
K18233,-1.0
K18234,1.0
K18235,0.2
K18236,-1.0
K18244,0.8
K18277,1.0
K18286,0.6
K18290,1.0
K18296,0.6
K18297,0.8
K18298,1.0
K18299,1.0
K18301,1.0
K18302,1.0
K18303,1.0
K18304,0.4
K18305,0.8
K18306,-0.2
K18307,-0.2
K18320,1.0
K18321,0.2
K18326,0.8
K18334,1.0
K18335,1.0
K18336,-0.4
K18344,1.0
K18345,1.0
K18346,-0.8
K18349,-0.6
K18350,-0.6
K18353,1.0
K18360,1.0
K18367,-1.0
K18369,0.2
K18372,0.2
K18383,1.0
K18425,1.0
K18430,0.4
K18431,0.2
K18434,0.6
K18446,0.0
K18456,0.4
K18457,1.0
K18459,1.0
K18471,1.0
K18476,1.0
K18478,1.0
K18479,1.0
K18480,1.0
K18532,-0.2
K18534,1.0
K18540,1.0
K18551,1.0
K18552,1.0
K18554,0.6
K18555,-0.8
K18567,0.6
K18572,1.0
K18576,0.4
K18581,1.0
K18588,1.0
K18608,1.0
K18622,1.0
K18637,0.6
K18649,0.8
K18654,-1.0
K18661,0.8
K18672,-1.0
K18673,-1.0
K18676,1.0
K18678,-1.0
K18682,-1.0
K18691,0.8
K18692,-1.0
K18697,0.8
K18702,0.6
K18703,1.0
K18707,1.0
K18764,1.0
K18767,1.0
K18770,-1.0
K18802,1.0
K18814,0.8
K18815,0.19999999999999996
K18816,-0.19999999999999996
K18817,-0.2
K18821,-1.0
K18828,1.0
K18829,0.6
K18830,-0.2
K18831,0.39999999999999997
K18841,-0.4
K18842,-0.2
K18852,0.8
K18855,0.0
K18879,0.2
K18881,1.0
K18889,0.0
K18890,0.0
K18893,1.0
K18896,-1.0
K18897,0.0
K18899,-0.2
K18900,1.0
K18901,1.0
K18902,1.0
K18904,1.0
K18905,1.0
K18907,1.0
K18908,0.0
K18909,-0.4
K18910,1.0
K18917,-0.4
K18918,0.4
K18922,-0.2
K18923,0.2
K18926,-1.0
K18928,-1.0
K18929,-1.0
K18930,-0.2
K18939,1.0
K18940,-1.0
K18941,-0.6
K18954,1.0
K18967,0.0
K18979,0.0
K18981,1.0
K18982,0.2
K18983,0.8
K18988,-0.2
K18991,1.0
K18996,1.0
K18997,0.8
K19002,0.4
K19005,-1.0
K19036,0.6
K19052,-1.0
K19055,0.8
K19059,-0.2
K19060,0.6
K19062,-1.0
K19064,1.0
K19068,-0.6000000000000001
K19092,1.0
K19107,1.0
K19113,1.0
K19117,-0.4
K19118,-0.4
K19119,-0.4
K19128,-0.2
K19147,0.4
K19156,0.8
K19159,0.0
K19163,0.8
K19164,0.8
K19165,1.0
K19166,0.2
K19169,0.0
K19170,-0.2
K19171,0.0
K19173,-0.4
K19174,-0.4
K19175,-0.2
K19200,-0.4
K19214,0.6
K19220,-0.4
K19221,1.0
K19223,-0.6
K19224,-1.0
K19225,-0.8
K19226,-0.2
K19228,-0.2
K19239,1.0
K19244,1.0
K19265,1.0
K19266,0.6
K19267,0.0
K19270,1.0
K19271,-1.0
K19273,-0.8
K19285,-0.8
K19286,0.4
K19294,-0.6
K19295,-1.0
K19296,-1.0
K19300,1.0
K19302,0.0
K19304,0.0
K19309,-0.6
K19311,0.2
K19333,0.8
K19337,0.0
K19338,1.0
K19340,-0.8
K19341,-0.8
K19342,-0.8
K19353,-0.2
K19354,-0.2
K19355,1.0
K19360,1.0
K19370,-0.8
K19405,-1.0
K19411,-1.0
K19419,-0.8
K19420,-1.0
K19422,-1.0
K19425,-0.4
K19427,-0.2
K19429,-0.6
K19430,-0.6
K19431,1.0
K19449,0.2
K19511,0.4
K19519,1.0
K19564,1.0
K19570,0.4
K19576,-0.2
K19577,0.0
K19586,1.0
K19587,0.19999999999999996
K19591,1.0
K19594,-0.2
K19595,-0.2
K19597,0.0
K19615,-0.2
K19620,1.0
K19658,0.8
K19665,0.2
K19670,0.2
K19686,0.4
K19687,0.4
K19689,0.0
K19690,0.8
K19691,0.8
K19692,0.8
K19694,1.0
K19700,0.8
K19701,-0.8
K19707,1.0
K19710,1.0
K19732,0.8
K19736,0.0
K19742,1.0
K19745,-0.4
K19776,1.0
K19778,0.2
K19783,0.2
K19784,0.0
K19788,0.0
K19789,0.2
K19792,1.0
K19793,1.0
K19802,-0.19999999999999996
K19804,-0.2
K19813,1.0
K19882,0.2
K19954,1.0
K19955,-0.8
K19967,0.4
K19970,1.0
K19997,-1.0
K20023,1.0
K20035,1.0
K20074,-0.6
K20076,0.8
K20082,0.6
K20108,-1.0
K20118,-1.0
K20170,-0.2
K20199,-1.0
K20201,-0.4
K20248,1.0
K20249,0.8
K20252,1.0
K20266,0.6
K20267,0.6
K20268,0.6
K20269,0.6
K20270,0.6
K20272,0.6
K20276,-0.2
K20319,0.4
K20325,1.0
K20331,1.0
K20333,0.8
K20344,0.2
K20361,-0.2
K20391,-0.2
K20420,0.2
K20429,-0.20000000000000007
K20459,-0.8
K20461,-1.0
K20469,0.0
K20478,-0.2
K20480,-1.0
K20508,1.0
K20525,1.0
K20527,0.8
K20528,0.4
K20529,0.6
K20530,0.6
K20531,0.6
K20532,0.6
K20533,0.8
K20534,0.6
K20539,0.6
K20541,1.0
K20542,1.0
K20543,1.0
K20555,0.4
K20613,0.4
K20628,0.2
K20712,1.0
K20715,0.8
K20742,0.8
K20757,0.2
K20760,0.2
K20761,0.2
K20762,0.2
K20798,-0.2
K20807,1.0
K20816,0.8
K20862,0.8
K20866,1.0
K20885,0.0
K20900,0.6
K20918,-0.2
K20920,1.0
K20922,1.0
K20927,0.6
K20938,1.0
K20940,0.6
K20941,1.0
K20942,1.0
K20950,-0.6
K20961,-0.2
K20965,0.8
K20972,1.0
K20973,1.0
K20974,1.0
K20975,1.0
K20976,0.0
K20977,-1.0
K20988,0.8
K20993,0.2
K20997,1.0
K21000,1.0
K21006,-1.0
K21007,-0.2
K21009,-1.0
K21010,-1.0
K21011,-1.0
K21012,-1.0
K21019,0.4
K21021,0.0
K21022,0.19999999999999996
K21023,0.0
K21024,0.0
K21029,1.0
K21054,1.0
K21060,1.0
K21061,1.0
K21062,1.0
K21064,-1.0
K21084,0.0
K21085,1.0
K21087,-1.0
K21088,0.0
K21089,1.0
K21101,0.4
K21116,0.2
K21134,0.6
K21136,1.0
K21137,1.0
K21138,0.0
K21140,0.2
K21142,-0.4
K21147,0.8
K21154,1.0
K21159,1.0
K21164,1.0
K21172,1.0
K21184,0.6
K21210,0.2
K21211,0.2
K21232,-0.4
K21267,0.8
K21298,0.6
K21306,0.4
K21310,0.8
K21347,0.2
K21356,-0.6
K21377,0.8
K21393,1.0
K21394,1.0
K21395,1.0
K21402,1.0
K21405,0.8
K21415,0.2
K21416,0.2
K21417,0.2
K21420,1.0
K21430,0.0
K21454,-1.0
K21463,-1.0
K21465,-1.0
K21469,0.4
K21470,1.0
K21472,0.2
K21478,0.4
K21488,-0.6
K21492,-0.2
K21495,1.0
K21498,0.4
K21512,0.2
K21527,-0.2
K21528,0.0
K21556,0.4
K21562,0.20000000000000007
K21563,1.0
K21564,1.0
K21567,-1.0
K21569,0.4
K21600,-1.0
K21603,1.0
K21621,1.0
K21622,1.0
K21636,-1.0
K21686,0.6
K21687,0.2
K21688,-1.0
K21695,0.2
K21696,1.0
K21698,1.0
K21699,0.4
K21700,0.6
K21702,1.0
K21703,1.0
K21724,1.0
K21739,1.0
K21743,-0.2
K21744,0.19999999999999996
K21747,0.8
K21757,0.8
K21786,-0.8
K21802,1.0
K21826,1.0
K21828,-1.0
K21829,-0.2
K21830,0.2
K21832,1.0
K21834,-1.0
K21866,0.2
K21883,0.8
K21885,0.4
K21900,0.0
K21903,0.0
K21906,0.6
K21908,0.0
K21909,1.0
K21910,1.0
K21911,1.0
K21919,0.8
K21929,1.0
K21948,1.0
K21959,0.8
K21961,0.8
K21962,-0.8
K21966,-0.2
K21967,-0.2
K22010,1.0
K22024,1.0
K22025,1.0
K22041,0.0
K22042,0.8
K22043,-0.4
K22044,0.0
K22051,-0.2
K22067,1.0
K22072,1.0
K22074,0.0
K22081,1.0
K22082,1.0
K22083,0.0
K22084,1.0
K22086,1.0
K22087,1.0
K22089,0.2
K22104,1.0
K22106,-1.0
K22107,1.0
K22108,0.0
K22109,1.0
K22110,0.6
K22112,-1.0
K22115,-0.2
K22124,1.0
K22129,0.8
K22130,1.0
K22131,1.0
K22132,-1.0
K22134,-0.2
K22135,-1.0
K22136,-1.0
K22186,1.0
K22187,1.0
K22210,0.6000000000000001
K22211,0.0
K22215,1.0
K22217,1.0
K22219,1.0
K22223,0.4
K22226,-0.6
K22227,-1.0
K22230,-1.0
K22270,1.0
K22278,0.0
K22293,1.0
K22294,1.0
K22296,1.0
K22298,0.6
K22299,0.4
K22300,0.0
K22303,0.6
K22306,1.0
K22310,1.0
K22315,1.0
K22316,-0.6
K22322,0.2
K22339,-0.2
K22342,1.0
K22343,1.0
K22344,1.0
K22348,0.8
K22369,0.2
K22391,-1.0
K22399,0.2
K22438,0.8
K22441,0.0
K22443,-0.2
K22450,-0.8
K22452,0.0
K22457,-0.4
K22468,1.0
K22470,-0.4
K22474,0.2
K22476,0.0
K22477,0.2
K22479,1.0
K22486,1.0
K22489,0.4
K22491,-1.0
K22504,-0.2
K22505,-0.2
K22510,-0.2
K22522,1.0
K22548,1.0
K22549,1.0
K22551,1.0
K22552,1.0
K22553,0.2
K22575,-0.2
K22585,1.0
K22589,1.0
K22597,-1.0
K22598,0.0
K22602,0.6
K22617,1.0
K22684,0.6000000000000001
K22690,0.2
K22708,-0.8
K22719,0.0
K22723,0.2
K22736,0.8
K22737,1.0
K22745,-0.4
K22842,1.0
K22843,1.0
K22844,1.0
K22879,1.0
K22881,0.6
K22894,1.0
K22895,1.0
K22899,0.8
K22907,-1.0
K22927,-1.0
K22934,1.0
K22944,0.2
K22955,0.8
K23007,1.0
K23015,1.0
K23020,0.2
K23054,0.4
K23056,1.0
K23059,-1.0
K23061,1.0
K23084,1.0
K23085,1.0
K23086,1.0
K23107,0.0
K23113,0.2
K23118,0.2
K23123,1.0
K23124,1.0
K23132,0.2
K23148,-0.2
K23163,1.0
K23164,0.2
K23186,-1.0
K23187,-1.0
K23188,-0.8
K23227,1.0
K23228,1.0
K23237,1.0
K23238,0.2
K23239,1.0
K23242,-0.2
K23243,1.0
K23244,1.0
K23245,1.0
K23246,1.0
K23247,1.0
K23248,1.0
K23253,-1.0
K23254,1.0
K23256,0.4
K23258,1.0
K23264,0.0
K23265,0.0
K23269,0.0
K23275,0.2
K23330,0.2
K23347,0.8
K23349,-0.2
K23359,0.6
K23376,0.2
K23398,0.2
K23440,0.6
K23462,1.0
K23463,1.0
K23464,0.8
K23465,1.0
K23466,1.0
K23467,0.2
K23504,0.2
K23508,0.0
K23509,1.0
K23528,0.2
K23535,0.0
K23536,0.0
K23537,0.0
K23545,0.2
K23546,0.2
K23547,0.2
K23668,1.0
K23674,1.0
K23675,-1.0
K23676,-0.2
K23683,0.2
K23684,1.0
K23734,-1.0
K23753,-0.8
K23773,-0.2
K23774,-1.0
K23775,0.0
K23776,-1.0
K23777,0.6
K23778,0.6
K23779,0.0
K23786,-1.0
K23901,0.4
K23980,1.0
K23983,0.4
K23984,-0.6
K23988,0.8
K23989,-1.0
K23997,0.0
K24003,1.0
K24012,1.0
K24018,1.0
K24028,0.6
K24034,-0.4
K24040,-0.4
K24073,0.0
K24082,1.0
K24083,0.6
K24084,0.6
K24087,-0.2
K24116,1.0
K24119,-1.0
K24120,1.0
K24129,-0.2
K24130,1.0
K24131,-1.0
K24136,-0.2
K24138,1.0
K24158,1.0
K24160,0.2
K24163,0.8
K24204,0.2
K24217,0.0
K24256,0.2
K24258,-0.8
K24268,1.0
K24269,-0.2
K24282,0.2
K24289,1.0
K24300,0.0
K24301,0.2
K24303,-0.6
K24305,0.2
K24310,0.19999999999999996
K24326,0.4
K24409,1.0
K24410,1.0
K24419,0.2
K24456,-0.4
K24459,-0.4
K24473,-0.2
K24510,1.0
K24515,0.2
K24620,0.19999999999999996
K24661,1.0
K24662,1.0
K24672,0.2
K24689,1.0
K24699,1.0
K24707,0.6
K24708,-1.0
K24717,0.2
K24819,1.0
K24821,1.0
K24835,-0.6
K24872,-1.0
K24873,-1.0
K24915,0.4
K24936,0.2
K24948,-0.6
K24966,-0.8
K24967,0.19999999999999996
K24971,-1.0
K24987,1.0
K24988,1.0
K24995,1.0
K25026,0.0
K25027,0.39999999999999997
K25028,-0.6000000000000001
K25031,-1.0
K25062,-0.4
K25063,-0.4
K25064,-0.4
K25072,-1.0
K25086,-1.0
K25087,-1.0
K25088,-0.8
K25089,0.6
K25096,1.0
K25097,1.0
K25098,1.0
K25099,1.0
K25109,-1.0
K25110,-0.2
K25111,-0.2
K25113,-0.2
K25132,1.0
K25133,1.0
K25135,0.0
K25142,-0.6
K25143,-1.0
K25144,0.0
K25147,-1.0
K25148,-1.0
K25152,-0.4
K25154,0.8
K25155,0.8
K25156,0.6
K25157,-1.0
K25158,-1.0
